ID,NAME,COMPONENT_CLASS,METHOD_FAMILY,CANONICAL_SOURCE,SOURCE_CLASS,WHAT_IT_ADDS,LIMITATIONS,FAIR_PIPELINE_ROLE,LAST_VERIFIED
PH-01,Persistent homology (persistence algorithm),NONE_THEORY,PH_FOUNDATION,L2-126; L2-127,PEER_REVIEWED,Multi-scale summary of connected components/holes of a filtration; persistence = feature significance,Not a tracker; needs a filtration choice; no linking,Basis for PH-02..PH-08,2026-10-05
PH-02,Cubical persistence on intensity (superlevel-set filtration),DETECTOR,PH_CUBICAL,L2-119,PEER_REVIEWED,Spot candidates as 0-dim persistence pairs; persistence as a contrast-like confidence; parameter-light peak detection,"Closely related to thresholding/peak finding; persistence ≈ peak prominence, so overlap with LoG/DoG scores is expected; no motion model","P-PH detector arm (G08 §6), must beat LoG/DoG/Spotiflow at matched tuning",2026-10-05
PH-03,Stability of persistence diagrams,NONE_THEORY,PH_STABILITY,L2-128,PEER_REVIEWED,Bottleneck-distance bound under bounded function perturbation ⇒ principled robustness of persistence scores to small noise,Bound is in sup-norm; shot noise at low SNR is not small; stability ≠ identity preservation,Justifies testing Δ-PH as a noise-robust confidence; not evidence of benefit,2026-10-05
PH-04,Relative / extended persistence,NONE_THEORY,PH_RELATIVE_EXTENDED,L2-129,PEER_REVIEWED,"Captures features relative to a subspace (e.g., boundary/background) and essential classes",No verified imaging-tracking application found; adds complexity,OPTIONAL; not in core B0 (no verified tracking use),2026-10-05
PH-05,Alpha complexes on detected point clouds,NONE_THEORY,PH_ALPHA,L2-135,PEER_REVIEWED,"Geometric filtration on point sets (e.g., spot coordinates per frame) for clustering/density structure",Operates after detection; does not link identities,Possible post-detection density/cluster feature for Δ; not a tracker,2026-10-05
PH-06,Vietoris–Rips filtrations (Ripser),NONE_THEORY,PH_RIPS,L2-136; L2-150,PEER_REVIEWED,Rips PH on point clouds; used for tracking holes over time with Wasserstein matching (TDA_actomyosin code),Scales poorly with points; holes ≠ vesicles,Not in core; prior art only,2026-10-05
PH-07,Persistence vineyards (time-varying persistence),STATE_ESTIMATOR,PH_VINEYARD,L2-121,PEER_REVIEWED,Continuous tracking of persistence pairs as the function evolves ⇒ candidate temporal Δ-PH (instability of a feature over frames),Vines can cross/swap under near-ties (identity ambiguity); assumes continuous change; frame rate dependent,Δ-PH-V arm (G08 §6),2026-10-05
PH-08,TOBLERONE (PH segmentation),SEGMENTER,PH_APPLIED_SEGMENTATION,L2-120,PEER_REVIEWED,PH-based segmentation for fluorescence images,"Segmentation of cells, not sub-resolution puncta; not compared to particle trackers on ISBI",Prior art; optional segmenter arm only,2026-10-05
PH-09,3D/temporal TOBLERONE,END_TO_END_PIPELINE,PH_APPLIED_TRACKING,L2-125,PEER_REVIEWED,PH segmentation with a temporal variant tracking cells/organelles; reports outperforming classical models on simulated data,"Self-reported; comparators are classical segmentation, not u-track/PDA; no verified ISBI particle metrics","Strongest verified PH tracking prior art; include as PH pipeline arm if code is available, else UNVERIFIED availability",2026-10-05
PH-10,T-PEPT (topological particle tracking in PEPT),END_TO_END_PIPELINE,PH_TOPOLOGICAL_TRACK_DETECTION,L2-149,PEER_REVIEWED,PH-based finding of multiple particles/tracks in high-noise data,"Different modality (positron emission), not microscopy",Prior art for 'topological track detection'; not a B0 arm,2026-10-05
PH-11,TopoLoop (PH on trajectories),NONE_ANALYSIS_LAYER,PH_ON_TRAJECTORIES,L2-137,PEER_REVIEWED,"PH applied to already-tracked (x,y,z,t) trajectories for loop detection",Post-tracking analysis; does not produce tracks,Not a baseline; shows PH's verified niche is analysis after tracking,2026-10-05
DT-01,LoG spot detector (TrackMate),DETECTOR,SCALE_SPACE_FILTER,L2-122; L2-108; L2-124,VENDOR_OR_PROJECT_DOC,"Fast, standard sub-pixel spot detection with quality score",Author-run assessment: fails below SNR≈2–3 (L2-124),Core detector in P1/P2; quality score = Δ-COST input,2026-10-05
DT-02,DoG spot detector (TrackMate),DETECTOR,SCALE_SPACE_FILTER,L2-122,VENDOR_OR_PROJECT_DOC,Faster approximation of LoG for small spots,Similar SNR limits,Alternative detector; same tuning budget,2026-10-05
DT-03,Hessian detector (TrackMate),DETECTOR,DIFFERENTIAL_FILTER,L2-122,VENDOR_OR_PROJECT_DOC,Blob detection via Hessian determinant,Accuracy not audited,Optional detector,2026-10-05
DT-04,Spotiflow,DETECTOR,DEEP_SPOT_DETECTION,L2-112; L2-122,PEER_REVIEWED,Deep spot detector for fluorescence; available in TrackMate,Needs training data (DEV-generator only); domain shift to B1,Core deep detector (P3); strongest a-priori detector candidate,2026-10-05
DT-05,Spot-detector comparison (Smal et al. 2010),NONE_BENCHMARK,DETECTOR_EVALUATION,L2-142,PEER_REVIEWED,Shows detector choice materially affects results,Rankings not audited here,Justifies multi-detector panel,2026-10-05
DT-06,A-contrario detection/tracking,DETECTOR,STATISTICAL_DETECTION,L2-147,PREPRINT,Detection with explicit false-alarm control (relevant to HIGH_COST_FP),Preprint; implementation availability not verified,Optional detector arm; strong non-PH competitor for FP control,2026-10-05
SG-01,StarDist,SEGMENTER,DEEP_INSTANCE_SEGMENTATION,L2-138; L2-122,PEER_REVIEWED,Star-convex instance masks (nuclei/cells),Not designed for diffraction-limited puncta; using it as a spot baseline would be a strawman,NOT a primary vesicle baseline; only for resolved organelles in B1,2026-10-05
SG-02,Cellpose,SEGMENTER,DEEP_INSTANCE_SEGMENTATION,L2-139; L2-122,PEER_REVIEWED,Generalist cell segmentation,Same as SG-01,NOT a primary vesicle baseline,2026-10-05
TR-01,Hungarian / linear assignment,TRACKER,ASSIGNMENT_ALGORITHM,L2-140,PEER_REVIEWED,Optimal frame-to-frame one-to-one association,Only an association solver; costs and gating define behaviour,Inside LAP/SORT; not a standalone baseline,2026-10-05
TR-02,"LAP tracker (TrackMate, after Jaqaman 2008)",TRACKER,LAP_WITH_GAP_CLOSING,L2-123; L2-110; L2-124,VENDOR_OR_PROJECT_DOC,Frame linking + gap closing (+ merge/split options),"Author-run assessment: best for Brownian vesicle scenario in TrackMate tests (L2-124), not independent","Core linker (P1, P3, P-PH)",2026-10-05
TR-03,Kalman tracker (TrackMate linear motion),TRACKER,KALMAN_PREDICTION_LINKING,L2-123; L2-111,VENDOR_OR_PROJECT_DOC,Linear-motion prediction for directed transport,Weak for Brownian/switching motion,P2 linker; important for DIRECTED scenario,2026-10-05
TR-04,Nearest-neighbor / Overlap trackers (TrackMate),TRACKER,GREEDY_LINKING,L2-123,VENDOR_OR_PROJECT_DOC,Simple references,Known weak at density; would be strawman as main baseline,"Lower-bound reference only, never the comparator for claims",2026-10-05
TR-05,u-track,END_TO_END_PIPELINE,LAP_GLOBAL_GAP_MERGE_SPLIT,L2-110,PEER_REVIEWED,"Detection + two-step LAP with gap closing, merging, splitting, motion models",MATLAB; parameter-heavy,Core strong baseline (P4),2026-10-05
TR-06,u-track3D,END_TO_END_PIPELINE,LAP_GLOBAL_GAP_MERGE_SPLIT,L2-113,PEER_REVIEWED,Modern dense-trajectory version with validation tools,3D-focused; 2D use to be checked,P4 implementation choice,2026-10-05
TR-07,Piecewise-stationary motion model tracker,TRACKER,MOTION_SWITCHING_SMOOTHING,L2-143,PEER_REVIEWED,Heterogeneous motion in dense environments,Availability not verified,Optional for MIXED scenario,2026-10-05
TR-08,Probabilistic data association (Godinez & Rohr),END_TO_END_PIPELINE,PROBABILISTIC_DATA_ASSOCIATION_IMM,L2-114; L2-148; L2-101,PEER_REVIEWED,"Probabilistic association with motion models; group reports best overall at ISBI 2012 (self-report, L2-148)",Implementation availability not verified,Core strong baseline (P5) if available; strongest a-priori classical candidate,2026-10-05
SE-01,Kalman filter,STATE_ESTIMATOR,LINEAR_GAUSSIAN_FILTER,L2-111,PEER_REVIEWED,Optimal linear-Gaussian state estimation; posterior covariance usable as Δ-COST,Linear-Gaussian assumptions,Inside P2/SORT/PDA; posterior → Δ-COST,2026-10-05
SE-02,Particle filter (bootstrap),STATE_ESTIMATOR,SEQUENTIAL_MONTE_CARLO,L2-141,PEER_REVIEWED,Nonlinear/non-Gaussian state estimation; posterior spread usable as Δ,Compute cost; particle degeneracy,Inside P6,2026-10-05
SE-03,Particle filtering for fluorescence microscopy (Smal 2008),END_TO_END_PIPELINE,PARTICLE_FILTER_TRACKING,L2-115,PEER_REVIEWED,Microscopy-specific PF tracking,Availability not verified,P6,2026-10-05
OF-01,Horn–Schunck optical flow,STATE_ESTIMATOR,DENSE_OPTICAL_FLOW,L2-118,PEER_REVIEWED,Dense motion field as linking prior,Brightness constancy violated by blinking/bleaching; sparse puncta,"P8 motion prior; expected weak, kept per ORDER §14",2026-10-05
DL-01,Deep probabilistic particle tracking (Spilger 2021),END_TO_END_PIPELINE,DEEP_PROBABILISTIC_TRACKING,L2-116,PEER_REVIEWED,Learned association with uncertainty,Training data from DEV generator; availability to check,P7,2026-10-05
DL-02,Trackastra,TRACKER,TRANSFORMER_LINKING,L2-117,PEER_REVIEWED,Learned linking incl. fluorescent particle data,Needs detections; training domain,P7 alternative linker on best detector,2026-10-05
DL-03,SORT,TRACKER,KALMAN_HUNGARIAN_TBD,L2-144,PEER_REVIEWED,Canonical tracking-by-detection baseline,Designed for boxes/IoU; adapt to distance gating,Reference TBD baseline from MOT literature,2026-10-05
DL-04,DeepSORT,TRACKER,APPEARANCE_EMBEDDING_TBD,L2-145,PREPRINT,Appearance re-identification,Puncta are nearly featureless ⇒ little gain expected,Optional; not core,2026-10-05
DL-05,ByteTrack,TRACKER,LOW_SCORE_ASSOCIATION_TBD,L2-146,PREPRINT,Uses low-confidence detections to reduce fragmentation (relevant to low SNR),Box/IoU origin,Optional TBD comparator,2026-10-05
PL-01,TrackMate (platform),END_TO_END_PIPELINE,MODULAR_PLATFORM,L2-108; L2-109,PEER_REVIEWED,"Hosts detectors (DT-01..04), segmenters (SG-01/02) and trackers (TR-02..04) — a platform, NOT an algorithm",Results depend on chosen modules,"Implementation host for P1–P3, P-PH linking",2026-10-05
BM-01,ISBI 2012 particle tracking challenge,NONE_BENCHMARK,BENCHMARK,L2-101; L2-104,PEER_REVIEWED,"Scenarios, SNR definition, metrics α/β/JSC/JSCθ/RMSE; no method best on all data",Original data availability UNVERIFIED,Design anchor for B0 and metric set,2026-10-05
